timestamp,actual,xgb_prediction,lower_PI,upper_PI
2019-08-08 14:00:00+00:00,60801.0,58778.96,,
2019-08-08 15:00:00+00:00,61098.0,57994.11,,
2019-08-08 16:00:00+00:00,60372.0,57927.895,,
2019-08-08 17:00:00+00:00,58497.0,57109.152,,
2019-08-08 18:00:00+00:00,56400.0,54718.258,,
2019-08-08 19:00:00+00:00,54428.0,53271.28,,
2019-08-08 20:00:00+00:00,50704.0,50031.23,,
2019-08-08 21:00:00+00:00,46231.0,46284.402,,
2019-08-08 22:00:00+00:00,44287.0,42892.875,,
2019-08-08 23:00:00+00:00,41857.0,41065.13,,
2019-08-09 00:00:00+00:00,40146.0,38977.055,,
2019-08-09 01:00:00+00:00,40468.0,38384.1,,
2019-08-09 02:00:00+00:00,39576.0,38966.254,,
2019-08-09 03:00:00+00:00,40583.0,39940.438,,
2019-08-09 04:00:00+00:00,41426.0,42808.715,,
2019-08-09 05:00:00+00:00,45321.0,46017.48,,
2019-08-09 06:00:00+00:00,48742.0,48488.88,,
2019-08-09 07:00:00+00:00,53015.0,52002.66,,
2019-08-09 08:00:00+00:00,54683.0,52677.688,,
2019-08-09 09:00:00+00:00,55233.0,54395.895,,
2019-08-09 10:00:00+00:00,55572.0,54049.535,,
2019-08-09 11:00:00+00:00,53947.0,52605.797,,
2019-08-09 12:00:00+00:00,52065.0,51501.54,,
2019-08-09 13:00:00+00:00,51194.0,50265.348,,
2019-08-09 14:00:00+00:00,50518.0,50446.934,,
2019-08-09 15:00:00+00:00,50808.0,51526.445,,
2019-08-09 16:00:00+00:00,50748.0,51423.652,,
2019-08-09 17:00:00+00:00,49854.0,49972.676,,
2019-08-09 18:00:00+00:00,47671.0,48830.918,,
2019-08-09 19:00:00+00:00,46976.0,47873.465,,
2019-08-09 20:00:00+00:00,44939.0,45614.742,,
2019-08-09 21:00:00+00:00,41796.0,42120.805,,
2019-08-09 22:00:00+00:00,39381.0,39489.19,,
2019-08-09 23:00:00+00:00,37740.0,37828.35,,
2019-08-10 00:00:00+00:00,36821.0,36195.375,,
2019-08-10 01:00:00+00:00,36174.0,35340.227,,
2019-08-10 02:00:00+00:00,36171.0,35181.53,,
2019-08-10 03:00:00+00:00,36168.0,34984.92,,
2019-08-10 04:00:00+00:00,36661.0,36057.195,,
2019-08-10 05:00:00+00:00,39224.0,37829.715,,
2019-08-10 06:00:00+00:00,42079.0,40721.41,,
2019-08-10 07:00:00+00:00,44683.0,45051.527,,
2019-08-10 08:00:00+00:00,47191.0,46977.02,,
2019-08-10 09:00:00+00:00,50304.0,48327.473,,
2019-08-10 10:00:00+00:00,50122.0,48784.84,,
2019-08-10 11:00:00+00:00,47742.0,47679.906,,
2019-08-10 12:00:00+00:00,46273.0,45855.203,,
2019-08-10 13:00:00+00:00,45901.0,45445.83,,
2019-08-10 14:00:00+00:00,45040.0,44801.125,,
2019-08-10 15:00:00+00:00,45770.0,45310.375,,
2019-08-10 16:00:00+00:00,47737.0,46765.625,,
2019-08-10 17:00:00+00:00,47367.0,46863.39,,
2019-08-10 18:00:00+00:00,47263.0,46825.45,,
2019-08-10 19:00:00+00:00,47239.0,46866.664,,
2019-08-10 20:00:00+00:00,45423.0,46211.027,,
2019-08-10 21:00:00+00:00,42836.0,42683.76,,
2019-08-10 22:00:00+00:00,40504.0,40396.934,,
2019-08-10 23:00:00+00:00,38796.0,39366.344,,
2019-08-11 00:00:00+00:00,38350.0,39156.9,,
2019-08-11 01:00:00+00:00,37958.0,38689.62,,
2019-08-11 02:00:00+00:00,39318.0,40786.45,,
2019-08-11 03:00:00+00:00,43314.0,43919.47,,
2019-08-11 04:00:00+00:00,51031.0,52567.863,,
2019-08-11 05:00:00+00:00,56725.0,59639.38,,
2019-08-11 06:00:00+00:00,60180.0,60687.06,,
2019-08-11 07:00:00+00:00,61337.0,64264.74,,
2019-08-11 08:00:00+00:00,62446.0,65837.734,,
2019-08-11 09:00:00+00:00,65102.0,67475.59,,
2019-08-11 10:00:00+00:00,64295.0,68505.25,,
2019-08-11 11:00:00+00:00,63677.0,67139.06,,
2019-08-11 12:00:00+00:00,61121.0,65278.867,,
2019-08-11 13:00:00+00:00,60455.0,64642.227,,
2019-08-11 14:00:00+00:00,60815.0,63619.88,,
2019-08-11 15:00:00+00:00,60128.0,62006.418,,
2019-08-11 16:00:00+00:00,58969.0,62210.613,,
2019-08-11 17:00:00+00:00,58042.0,61173.355,,
2019-08-11 18:00:00+00:00,56199.0,58534.004,,
2019-08-11 19:00:00+00:00,54690.0,56083.797,,
2019-08-11 20:00:00+00:00,51147.0,52384.29,,
2019-08-11 21:00:00+00:00,47013.0,48513.703,,
2019-08-11 22:00:00+00:00,44429.0,45502.945,,
2019-08-11 23:00:00+00:00,42293.0,44785.793,,
2019-08-12 00:00:00+00:00,41667.0,43516.055,,
2019-08-12 01:00:00+00:00,41756.0,42733.3,,
2019-08-12 02:00:00+00:00,42376.0,43838.516,,
2019-08-12 03:00:00+00:00,46303.0,46408.93,,
2019-08-12 04:00:00+00:00,53277.0,53882.055,,
2019-08-12 05:00:00+00:00,58332.0,57904.113,,
2019-08-12 06:00:00+00:00,61266.0,61196.215,,
2019-08-12 07:00:00+00:00,62560.0,62037.793,,
2019-08-12 08:00:00+00:00,64126.0,63146.83,,
2019-08-12 09:00:00+00:00,65726.0,65418.95,,
2019-08-12 10:00:00+00:00,64610.0,65079.562,,
2019-08-12 11:00:00+00:00,62825.0,64030.246,,
2019-08-12 12:00:00+00:00,61169.0,61682.977,,
2019-08-12 13:00:00+00:00,59930.0,60742.703,,
2019-08-12 14:00:00+00:00,58885.0,60819.92,,
2019-08-12 15:00:00+00:00,58564.0,60863.81,,
2019-08-12 16:00:00+00:00,58791.0,58960.344,,
2019-08-12 17:00:00+00:00,58084.0,58739.805,,
2019-08-12 18:00:00+00:00,55846.0,56533.71,,
2019-08-12 19:00:00+00:00,54264.0,54820.89,,
2019-08-12 20:00:00+00:00,50579.0,51230.594,,
2019-08-12 21:00:00+00:00,46507.0,47545.125,,
2019-08-12 22:00:00+00:00,44143.0,44932.395,,
2019-08-12 23:00:00+00:00,42089.0,42840.047,,
2019-08-13 00:00:00+00:00,41213.0,42134.96,,
2019-08-13 01:00:00+00:00,41273.0,42362.406,,
2019-08-13 02:00:00+00:00,42336.0,43040.46,,
2019-08-13 03:00:00+00:00,45769.0,46666.402,,
2019-08-13 04:00:00+00:00,52490.0,53328.04,,
2019-08-13 05:00:00+00:00,57616.0,58671.348,,
2019-08-13 06:00:00+00:00,60513.0,61217.785,,
2019-08-13 07:00:00+00:00,60579.0,62737.387,,
2019-08-13 08:00:00+00:00,62165.0,64793.79,,
2019-08-13 09:00:00+00:00,63691.0,66132.23,,
2019-08-13 10:00:00+00:00,63076.0,65116.766,,
2019-08-13 11:00:00+00:00,62111.0,62864.734,,
2019-08-13 12:00:00+00:00,60848.0,61361.29,,
2019-08-13 13:00:00+00:00,59778.0,59879.38,,
2019-08-13 14:00:00+00:00,57868.0,58891.68,,
2019-08-13 15:00:00+00:00,57844.0,59314.957,,
2019-08-13 16:00:00+00:00,57900.0,59027.758,,
2019-08-13 17:00:00+00:00,57136.0,58451.85,,
2019-08-13 18:00:00+00:00,55239.0,56269.016,,
2019-08-13 19:00:00+00:00,53752.0,54464.535,,
2019-08-13 20:00:00+00:00,49967.0,51301.883,,
2019-08-13 21:00:00+00:00,46202.0,46797.996,,
2019-08-13 22:00:00+00:00,43066.0,44202.562,,
2019-08-13 23:00:00+00:00,41219.0,42926.797,,
2019-08-14 00:00:00+00:00,40574.0,42335.344,,
2019-08-14 01:00:00+00:00,40886.0,42339.906,,
2019-08-14 02:00:00+00:00,42018.0,43330.695,,
2019-08-14 03:00:00+00:00,45113.0,45993.758,,
2019-08-14 04:00:00+00:00,50728.0,52101.156,,
2019-08-14 05:00:00+00:00,55141.0,57508.902,,
2019-08-14 06:00:00+00:00,58913.0,60950.12,,
2019-08-14 07:00:00+00:00,60670.0,61101.08,,
2019-08-14 08:00:00+00:00,62271.0,62763.73,,
2019-08-14 09:00:00+00:00,64609.0,64329.844,,
2019-08-14 10:00:00+00:00,64403.0,63349.68,,
2019-08-14 11:00:00+00:00,62881.0,62074.14,,
2019-08-14 12:00:00+00:00,62097.0,60534.86,,
2019-08-14 13:00:00+00:00,61653.0,59647.59,,
2019-08-14 14:00:00+00:00,61010.0,59201.09,,
2019-08-14 15:00:00+00:00,60062.0,59287.098,,
2019-08-14 16:00:00+00:00,59409.0,58789.453,,
2019-08-14 17:00:00+00:00,58671.0,58374.79,,
2019-08-14 18:00:00+00:00,56596.0,55701.72,,
2019-08-14 19:00:00+00:00,53689.0,54222.25,,
2019-08-14 20:00:00+00:00,49844.0,50177.54,,
2019-08-14 21:00:00+00:00,45691.0,46519.38,,
2019-08-14 22:00:00+00:00,43379.0,43539.71,,
2019-08-14 23:00:00+00:00,41824.0,42221.734,,
2019-08-15 00:00:00+00:00,40939.0,41149.746,,
2019-08-15 01:00:00+00:00,40917.0,41033.555,,
2019-08-15 02:00:00+00:00,41926.0,42259.45,,
2019-08-15 03:00:00+00:00,44890.0,45159.164,,
2019-08-15 04:00:00+00:00,51155.0,50379.875,,
2019-08-15 05:00:00+00:00,56442.0,54856.375,,
2019-08-15 06:00:00+00:00,59398.0,58981.953,,
2019-08-15 07:00:00+00:00,60943.0,60794.83,,
2019-08-15 08:00:00+00:00,61904.0,62047.97,,
2019-08-15 09:00:00+00:00,62572.0,64756.33,,
2019-08-15 10:00:00+00:00,61923.0,64423.582,,
2019-08-15 11:00:00+00:00,60427.0,61883.844,,
2019-08-15 12:00:00+00:00,58589.0,59993.1,,
2019-08-15 13:00:00+00:00,56910.0,59098.906,,
2019-08-15 14:00:00+00:00,56186.0,58901.504,,
2019-08-15 15:00:00+00:00,56199.0,58268.785,,
2019-08-15 16:00:00+00:00,55708.0,57689.3,,
2019-08-15 17:00:00+00:00,54706.0,57400.816,,
2019-08-15 18:00:00+00:00,52870.0,55186.176,,
2019-08-15 19:00:00+00:00,51614.0,52583.18,,
2019-08-15 20:00:00+00:00,48035.0,48544.21,,
2019-08-15 21:00:00+00:00,44481.0,44796.25,,
2019-08-15 22:00:00+00:00,41984.0,41965.816,,
2019-08-15 23:00:00+00:00,40413.0,40646.227,,
2019-08-16 00:00:00+00:00,39507.0,38407.094,,
2019-08-16 01:00:00+00:00,38933.0,38008.906,,
2019-08-16 02:00:00+00:00,38693.0,38300.953,,
2019-08-16 03:00:00+00:00,40002.0,39819.79,,
2019-08-16 04:00:00+00:00,41181.0,43022.656,,
2019-08-16 05:00:00+00:00,44231.0,46007.875,,
2019-08-16 06:00:00+00:00,47518.0,48760.84,,
2019-08-16 07:00:00+00:00,50089.0,50823.65,,
2019-08-16 08:00:00+00:00,51816.0,51955.67,,
2019-08-16 09:00:00+00:00,53084.0,52955.37,,
2019-08-16 10:00:00+00:00,52279.0,52694.113,,
2019-08-16 11:00:00+00:00,50828.0,52175.375,,
2019-08-16 12:00:00+00:00,50635.0,50489.703,,
2019-08-16 13:00:00+00:00,50192.0,49572.06,,
2019-08-16 14:00:00+00:00,49549.0,49192.938,,
2019-08-16 15:00:00+00:00,49712.0,49245.59,,
2019-08-16 16:00:00+00:00,48825.0,49838.305,,
2019-08-16 17:00:00+00:00,48709.0,49466.758,,
2019-08-16 18:00:00+00:00,47382.0,48284.84,,
2019-08-16 19:00:00+00:00,46264.0,47318.008,,
2019-08-16 20:00:00+00:00,44165.0,45810.59,,
2019-08-16 21:00:00+00:00,41451.0,42460.285,,
2019-08-16 22:00:00+00:00,38585.0,39946.4,,
2019-08-16 23:00:00+00:00,36394.0,38465.15,,
2019-08-17 00:00:00+00:00,35342.0,36248.477,,
2019-08-17 01:00:00+00:00,34855.0,35964.72,,
2019-08-17 02:00:00+00:00,34730.0,35740.97,,
2019-08-17 03:00:00+00:00,35457.0,35669.242,,
2019-08-17 04:00:00+00:00,36107.0,36501.797,,
2019-08-17 05:00:00+00:00,37735.0,38863.797,,
2019-08-17 06:00:00+00:00,40869.0,41665.55,,
2019-08-17 07:00:00+00:00,43484.0,44283.457,,
2019-08-17 08:00:00+00:00,46110.0,46297.125,,
2019-08-17 09:00:00+00:00,48298.0,46987.105,,
2019-08-17 10:00:00+00:00,48514.0,47550.83,,
2019-08-17 11:00:00+00:00,47547.0,47107.906,,
2019-08-17 12:00:00+00:00,46536.0,47030.938,,
2019-08-17 13:00:00+00:00,46166.0,46790.04,,
2019-08-17 14:00:00+00:00,45879.0,46620.633,,
2019-08-17 15:00:00+00:00,45817.0,47256.984,,
2019-08-17 16:00:00+00:00,46973.0,47538.812,,
2019-08-17 17:00:00+00:00,46198.0,47443.668,,
2019-08-17 18:00:00+00:00,45879.0,47305.47,,
2019-08-17 19:00:00+00:00,46302.0,47534.836,,
2019-08-17 20:00:00+00:00,45332.0,45317.41,,
2019-08-17 21:00:00+00:00,41658.0,42273.387,,
2019-08-17 22:00:00+00:00,39897.0,40485.54,,
2019-08-17 23:00:00+00:00,38748.0,38644.58,,
2019-08-18 00:00:00+00:00,38399.0,38306.484,,
2019-08-18 01:00:00+00:00,38898.0,38642.227,,
2019-08-18 02:00:00+00:00,39688.0,39871.625,,
2019-08-18 03:00:00+00:00,43894.0,43178.836,,
2019-08-18 04:00:00+00:00,51904.0,50225.5,,
2019-08-18 05:00:00+00:00,57883.0,57371.367,,
2019-08-18 06:00:00+00:00,61896.0,60054.895,,
2019-08-18 07:00:00+00:00,63007.0,62424.605,,
2019-08-18 08:00:00+00:00,64475.0,63960.44,,
2019-08-18 09:00:00+00:00,65708.0,65342.15,,
2019-08-18 10:00:00+00:00,65960.0,64835.023,,
2019-08-18 11:00:00+00:00,65194.0,65273.656,,
2019-08-18 12:00:00+00:00,63549.0,65256.016,,
2019-08-18 13:00:00+00:00,62359.0,65017.25,,
2019-08-18 14:00:00+00:00,60281.0,62606.07,,
2019-08-18 15:00:00+00:00,59421.0,62142.426,,
2019-08-18 16:00:00+00:00,59372.0,60437.234,,
2019-08-18 17:00:00+00:00,58544.0,59627.008,,
2019-08-18 18:00:00+00:00,56719.0,57252.11,,
2019-08-18 19:00:00+00:00,55011.0,55707.97,,
2019-08-18 20:00:00+00:00,50706.0,52439.195,,
2019-08-18 21:00:00+00:00,46601.0,48237.08,,
2019-08-18 22:00:00+00:00,44456.0,45613.348,,
2019-08-18 23:00:00+00:00,43092.0,44244.875,,
2019-08-19 00:00:00+00:00,42184.0,43843.254,,
2019-08-19 01:00:00+00:00,42293.0,44057.83,,
2019-08-19 02:00:00+00:00,43453.0,44908.0,,
2019-08-19 03:00:00+00:00,46601.0,47188.227,,
2019-08-19 04:00:00+00:00,53024.0,54853.152,,
2019-08-19 05:00:00+00:00,57675.0,59748.633,,
2019-08-19 06:00:00+00:00,60654.0,63186.137,,
2019-08-19 07:00:00+00:00,62040.0,64093.934,,
2019-08-19 08:00:00+00:00,64001.0,64931.195,,
2019-08-19 09:00:00+00:00,65055.0,66565.37,,
2019-08-19 10:00:00+00:00,64326.0,66651.65,,
2019-08-19 11:00:00+00:00,63793.0,65589.63,,
2019-08-19 12:00:00+00:00,62818.0,64289.707,,
2019-08-19 13:00:00+00:00,61735.0,62857.11,,
2019-08-19 14:00:00+00:00,60430.0,61152.41,,
2019-08-19 15:00:00+00:00,60140.0,59991.387,,
2019-08-19 16:00:00+00:00,59664.0,59498.617,,
2019-08-19 17:00:00+00:00,58873.0,59042.055,,
2019-08-19 18:00:00+00:00,57093.0,57110.773,,
2019-08-19 19:00:00+00:00,54943.0,55231.797,,
2019-08-19 20:00:00+00:00,50702.0,51696.344,,
2019-08-19 21:00:00+00:00,46863.0,47137.07,,
2019-08-19 22:00:00+00:00,44367.0,44676.266,,
2019-08-19 23:00:00+00:00,42802.0,43603.016,,
2019-08-20 00:00:00+00:00,41868.0,42914.22,,
2019-08-20 01:00:00+00:00,42110.0,42981.33,,
2019-08-20 02:00:00+00:00,43097.0,44056.453,,
2019-08-20 03:00:00+00:00,46349.0,46549.023,,
2019-08-20 04:00:00+00:00,52844.0,53031.285,,
2019-08-20 05:00:00+00:00,58162.0,57705.688,,
2019-08-20 06:00:00+00:00,60416.0,60551.664,,
2019-08-20 07:00:00+00:00,61471.0,62413.086,,
2019-08-20 08:00:00+00:00,62658.0,64205.023,,
2019-08-20 09:00:00+00:00,64306.0,66045.48,,
2019-08-20 10:00:00+00:00,64258.0,65763.47,,
2019-08-20 11:00:00+00:00,63311.0,64451.17,,
2019-08-20 12:00:00+00:00,61770.0,63295.86,,
2019-08-20 13:00:00+00:00,60410.0,61956.703,,
2019-08-20 14:00:00+00:00,59324.0,60732.312,,
2019-08-20 15:00:00+00:00,58880.0,60349.207,,
2019-08-20 16:00:00+00:00,58314.0,59932.438,,
2019-08-20 17:00:00+00:00,57293.0,58941.367,,
2019-08-20 18:00:00+00:00,56091.0,57618.188,,
2019-08-20 19:00:00+00:00,54626.0,55121.766,,
2019-08-20 20:00:00+00:00,50009.0,51696.484,,
2019-08-20 21:00:00+00:00,46246.0,47496.234,,
2019-08-20 22:00:00+00:00,43890.0,44964.895,,
2019-08-20 23:00:00+00:00,42514.0,43414.844,,
2019-08-21 00:00:00+00:00,41483.0,42765.07,,
2019-08-21 01:00:00+00:00,41673.0,43043.72,,
2019-08-21 02:00:00+00:00,42772.0,44091.914,,
2019-08-21 03:00:00+00:00,46337.0,46716.367,,
2019-08-21 04:00:00+00:00,52770.0,53233.664,,
2019-08-21 05:00:00+00:00,57584.0,58910.7,,
2019-08-21 06:00:00+00:00,60391.0,61264.848,,
2019-08-21 07:00:00+00:00,61781.0,62536.97,,
2019-08-21 08:00:00+00:00,63019.0,63451.656,,
2019-08-21 09:00:00+00:00,64418.0,65554.58,,
2019-08-21 10:00:00+00:00,63868.0,65346.67,,
2019-08-21 11:00:00+00:00,63207.0,64449.05,,
2019-08-21 12:00:00+00:00,62091.0,62437.28,,
2019-08-21 13:00:00+00:00,61250.0,60914.65,,
2019-08-21 14:00:00+00:00,59997.0,59689.004,,
2019-08-21 15:00:00+00:00,59611.0,59136.18,,
2019-08-21 16:00:00+00:00,59075.0,59009.586,,
2019-08-21 17:00:00+00:00,58055.0,57926.805,,
2019-08-21 18:00:00+00:00,56642.0,56481.094,,
2019-08-21 19:00:00+00:00,55101.0,54866.723,,
2019-08-21 20:00:00+00:00,50853.0,50335.457,,
2019-08-21 21:00:00+00:00,47090.0,46828.438,,
2019-08-21 22:00:00+00:00,44343.0,44150.88,,
2019-08-21 23:00:00+00:00,42962.0,42805.734,,
2019-08-22 00:00:00+00:00,41785.0,42088.086,,
2019-08-22 01:00:00+00:00,41836.0,41902.508,,
2019-08-22 02:00:00+00:00,42963.0,43121.785,,
2019-08-22 03:00:00+00:00,46105.0,46252.105,,
2019-08-22 04:00:00+00:00,52701.0,52483.805,,
2019-08-22 05:00:00+00:00,57771.0,57297.125,,
2019-08-22 06:00:00+00:00,60584.0,60226.453,,
2019-08-22 07:00:00+00:00,62156.0,62027.887,,
2019-08-22 08:00:00+00:00,63846.0,63621.684,,
2019-08-22 09:00:00+00:00,64908.0,65050.5,,
2019-08-22 10:00:00+00:00,63533.0,63777.496,,
2019-08-22 11:00:00+00:00,62412.0,61910.92,,
2019-08-22 12:00:00+00:00,60898.0,60597.336,,
2019-08-22 13:00:00+00:00,59833.0,59623.047,,
2019-08-22 14:00:00+00:00,59005.0,58887.023,,
2019-08-22 15:00:00+00:00,58626.0,58809.14,,
2019-08-22 16:00:00+00:00,57892.0,57921.934,,
2019-08-22 17:00:00+00:00,56492.0,57310.812,,
2019-08-22 18:00:00+00:00,54913.0,55310.63,,
2019-08-22 19:00:00+00:00,52826.0,53067.664,,
2019-08-22 20:00:00+00:00,48791.0,49509.605,,
2019-08-22 21:00:00+00:00,45721.0,45551.062,,
2019-08-22 22:00:00+00:00,43108.0,42801.08,,
2019-08-22 23:00:00+00:00,40908.0,41435.344,,
2019-08-23 00:00:00+00:00,39416.0,39320.375,,
2019-08-23 01:00:00+00:00,38943.0,38662.984,,
2019-08-23 02:00:00+00:00,38774.0,39399.223,,
2019-08-23 03:00:00+00:00,39489.0,41056.086,,
2019-08-23 04:00:00+00:00,40956.0,43314.156,,
2019-08-23 05:00:00+00:00,44150.0,46233.184,,
2019-08-23 06:00:00+00:00,48016.0,48881.023,,
2019-08-23 07:00:00+00:00,50766.0,52559.79,,
2019-08-23 08:00:00+00:00,52205.0,53392.242,,
2019-08-23 09:00:00+00:00,53421.0,54490.508,,
2019-08-23 10:00:00+00:00,53195.0,53411.023,,
2019-08-23 11:00:00+00:00,51755.0,52752.59,,
2019-08-23 12:00:00+00:00,50161.0,50725.72,,
2019-08-23 13:00:00+00:00,49473.0,50504.336,,
2019-08-23 14:00:00+00:00,48867.0,49791.715,,
2019-08-23 15:00:00+00:00,49140.0,49872.723,,
2019-08-23 16:00:00+00:00,49400.0,49729.08,,
2019-08-23 17:00:00+00:00,49383.0,48996.47,,
2019-08-23 18:00:00+00:00,47961.0,47946.54,,
2019-08-23 19:00:00+00:00,47023.0,46882.746,,
2019-08-23 20:00:00+00:00,44585.0,44603.258,,
2019-08-23 21:00:00+00:00,41328.0,41559.39,,
2019-08-23 22:00:00+00:00,38741.0,39002.145,,
2019-08-23 23:00:00+00:00,37018.0,36757.406,,
2019-08-24 00:00:00+00:00,35958.0,35771.062,,
2019-08-24 01:00:00+00:00,35598.0,35116.984,,
2019-08-24 02:00:00+00:00,35362.0,35347.31,,
2019-08-24 03:00:00+00:00,35480.0,35183.027,,
2019-08-24 04:00:00+00:00,36005.0,35415.11,,
2019-08-24 05:00:00+00:00,38246.0,37745.96,,
2019-08-24 06:00:00+00:00,41307.0,41131.72,,
2019-08-24 07:00:00+00:00,43969.0,44078.426,,
2019-08-24 08:00:00+00:00,46088.0,45729.55,,
2019-08-24 09:00:00+00:00,47899.0,46697.047,,
2019-08-24 10:00:00+00:00,48239.0,46936.93,,
2019-08-24 11:00:00+00:00,46982.0,45926.824,,
2019-08-24 12:00:00+00:00,45954.0,45014.145,,
2019-08-24 13:00:00+00:00,45360.0,44900.066,,
2019-08-24 14:00:00+00:00,44920.0,44780.043,,
2019-08-24 15:00:00+00:00,46038.0,45224.258,,
2019-08-24 16:00:00+00:00,47472.0,47302.457,,
2019-08-24 17:00:00+00:00,47629.0,47416.742,,
2019-08-24 18:00:00+00:00,47982.0,47562.504,,
2019-08-24 19:00:00+00:00,47578.0,47308.355,,
2019-08-24 20:00:00+00:00,46165.0,46187.695,,
2019-08-24 21:00:00+00:00,43699.0,42976.367,,
2019-08-24 22:00:00+00:00,41656.0,40730.72,,
2019-08-24 23:00:00+00:00,40305.0,38775.11,,
2019-08-25 00:00:00+00:00,39669.0,39171.992,,
2019-08-25 01:00:00+00:00,39249.0,38875.73,,
2019-08-25 02:00:00+00:00,40716.0,40342.21,,
2019-08-25 03:00:00+00:00,45169.0,43121.47,,
2019-08-25 04:00:00+00:00,52969.0,49882.406,,
2019-08-25 05:00:00+00:00,58557.0,58522.758,,
2019-08-25 06:00:00+00:00,62297.0,60643.367,,
2019-08-25 07:00:00+00:00,63864.0,62994.465,,
2019-08-25 08:00:00+00:00,65630.0,64185.508,,
2019-08-25 09:00:00+00:00,67262.0,64725.438,,
2019-08-25 10:00:00+00:00,66965.0,65714.5,,
2019-08-25 11:00:00+00:00,66882.0,65325.984,,
2019-08-25 12:00:00+00:00,65740.0,64299.844,,
2019-08-25 13:00:00+00:00,64765.0,63367.66,,
2019-08-25 14:00:00+00:00,63521.0,62405.54,,
2019-08-25 15:00:00+00:00,63267.0,62148.027,,
2019-08-25 16:00:00+00:00,62186.0,61108.18,,
2019-08-25 17:00:00+00:00,60655.0,60952.96,,
2019-08-25 18:00:00+00:00,60024.0,59325.93,,
2019-08-25 19:00:00+00:00,57740.0,56787.434,,
2019-08-25 20:00:00+00:00,53571.0,54350.85,,
2019-08-25 21:00:00+00:00,49942.0,49473.047,,
2019-08-25 22:00:00+00:00,47206.0,46880.633,,
2019-08-25 23:00:00+00:00,45001.0,44729.727,,
2019-08-26 00:00:00+00:00,44261.0,44125.832,,
2019-08-26 01:00:00+00:00,44323.0,43828.87,,
2019-08-26 02:00:00+00:00,45091.0,45141.797,,
2019-08-26 03:00:00+00:00,49146.0,48220.1,,
2019-08-26 04:00:00+00:00,55852.0,55251.637,,
2019-08-26 05:00:00+00:00,60699.0,60098.664,,
2019-08-26 06:00:00+00:00,63978.0,64139.637,,
2019-08-26 07:00:00+00:00,65230.0,65337.99,,
2019-08-26 08:00:00+00:00,66976.0,67011.09,,
2019-08-26 09:00:00+00:00,68583.0,68397.4,,
2019-08-26 10:00:00+00:00,68034.0,68412.445,,
2019-08-26 11:00:00+00:00,67510.0,68258.59,,
2019-08-26 12:00:00+00:00,66354.0,66982.17,,
2019-08-26 13:00:00+00:00,65989.0,65631.29,,
2019-08-26 14:00:00+00:00,64920.0,64671.832,,
2019-08-26 15:00:00+00:00,64546.0,63976.66,,
2019-08-26 16:00:00+00:00,63704.0,62794.773,,
2019-08-26 17:00:00+00:00,62577.0,61972.35,,
2019-08-26 18:00:00+00:00,61590.0,60418.79,,
2019-08-26 19:00:00+00:00,59161.0,57411.184,,
2019-08-26 20:00:00+00:00,54689.0,53883.016,,
2019-08-26 21:00:00+00:00,50469.0,49734.55,,
2019-08-26 22:00:00+00:00,47580.0,47175.31,,
2019-08-26 23:00:00+00:00,45811.0,45395.957,,
2019-08-27 00:00:00+00:00,44453.0,44200.11,,
2019-08-27 01:00:00+00:00,44360.0,44027.65,,
2019-08-27 02:00:00+00:00,45769.0,45340.58,,
2019-08-27 03:00:00+00:00,49765.0,48962.883,,
2019-08-27 04:00:00+00:00,56535.0,55718.79,,
2019-08-27 05:00:00+00:00,61497.0,59880.535,,
2019-08-27 06:00:00+00:00,64291.0,63821.18,,
2019-08-27 07:00:00+00:00,65296.0,65678.555,,
2019-08-27 08:00:00+00:00,67020.0,67304.836,,
2019-08-27 09:00:00+00:00,68367.0,68369.93,,
2019-08-27 10:00:00+00:00,68423.0,68345.96,,
2019-08-27 11:00:00+00:00,67802.0,67466.11,,
2019-08-27 12:00:00+00:00,67496.0,66911.47,,
2019-08-27 13:00:00+00:00,66104.0,66043.89,,
2019-08-27 14:00:00+00:00,64329.0,65064.797,,
2019-08-27 15:00:00+00:00,63455.0,64762.902,,
2019-08-27 16:00:00+00:00,62743.0,64017.867,,
2019-08-27 17:00:00+00:00,61779.0,63089.598,,
2019-08-27 18:00:00+00:00,60770.0,62139.156,,
2019-08-27 19:00:00+00:00,58477.0,59267.28,,
2019-08-27 20:00:00+00:00,54149.0,54969.45,,
2019-08-27 21:00:00+00:00,49896.0,50906.65,,
2019-08-27 22:00:00+00:00,47837.0,47906.34,,
2019-08-27 23:00:00+00:00,46557.0,46131.082,,
2019-08-28 00:00:00+00:00,44998.0,45052.54,,
2019-08-28 01:00:00+00:00,44984.0,45047.203,,
2019-08-28 02:00:00+00:00,45978.0,46302.062,,
2019-08-28 03:00:00+00:00,49420.0,49582.805,,
2019-08-28 04:00:00+00:00,56331.0,56587.25,,
2019-08-28 05:00:00+00:00,60977.0,61971.332,,
2019-08-28 06:00:00+00:00,63715.0,65378.58,,
2019-08-28 07:00:00+00:00,64569.0,66340.555,,
2019-08-28 08:00:00+00:00,66573.0,68371.99,,
2019-08-28 09:00:00+00:00,67549.0,69591.5,,
2019-08-28 10:00:00+00:00,67090.0,69286.86,,
2019-08-28 11:00:00+00:00,66360.0,68700.555,,
2019-08-28 12:00:00+00:00,64918.0,67989.64,,
2019-08-28 13:00:00+00:00,64047.0,66817.664,,
2019-08-28 14:00:00+00:00,63111.0,65247.594,,
2019-08-28 15:00:00+00:00,62757.0,64372.45,,
2019-08-28 16:00:00+00:00,61727.0,63591.863,,
2019-08-28 17:00:00+00:00,60684.0,61265.6,,
2019-08-28 18:00:00+00:00,60274.0,60306.676,,
2019-08-28 19:00:00+00:00,57717.0,58097.75,,
2019-08-28 20:00:00+00:00,53436.0,53835.73,,
2019-08-28 21:00:00+00:00,49306.0,49804.367,,
2019-08-28 22:00:00+00:00,46675.0,47781.008,,
2019-08-28 23:00:00+00:00,45111.0,46269.4,,
2019-08-29 00:00:00+00:00,44025.0,45242.355,,
2019-08-29 01:00:00+00:00,43701.0,45032.01,,
2019-08-29 02:00:00+00:00,44377.0,44931.816,,
2019-08-29 03:00:00+00:00,48253.0,48036.586,,
2019-08-29 04:00:00+00:00,55268.0,55697.535,,
2019-08-29 05:00:00+00:00,60052.0,59592.15,,
2019-08-29 06:00:00+00:00,63197.0,63099.89,,
2019-08-29 07:00:00+00:00,64076.0,64024.676,,
2019-08-29 08:00:00+00:00,65402.0,65536.31,,
2019-08-29 09:00:00+00:00,66391.0,66969.7,,
2019-08-29 10:00:00+00:00,65420.0,66846.35,,
2019-08-29 11:00:00+00:00,64209.0,65424.414,,
2019-08-29 12:00:00+00:00,63450.0,62444.875,,
2019-08-29 13:00:00+00:00,62566.0,62065.484,,
2019-08-29 14:00:00+00:00,61704.0,60944.273,,
2019-08-29 15:00:00+00:00,61208.0,61136.066,,
2019-08-29 16:00:00+00:00,60097.0,60297.26,,
2019-08-29 17:00:00+00:00,58870.0,59121.598,,
2019-08-29 18:00:00+00:00,57737.0,58037.887,,
2019-08-29 19:00:00+00:00,55026.0,55174.992,,
2019-08-29 20:00:00+00:00,50820.0,51784.566,,
2019-08-29 21:00:00+00:00,47379.0,47571.164,,
2019-08-29 22:00:00+00:00,44257.0,44300.43,,
2019-08-29 23:00:00+00:00,41836.0,43055.836,,
2019-08-30 00:00:00+00:00,40093.0,41311.402,,
2019-08-30 01:00:00+00:00,39558.0,40724.195,,
2019-08-30 02:00:00+00:00,39415.0,40922.75,,
2019-08-30 03:00:00+00:00,40201.0,42065.55,,
2019-08-30 04:00:00+00:00,41924.0,43948.594,,
2019-08-30 05:00:00+00:00,44872.0,46435.367,,
2019-08-30 06:00:00+00:00,48779.0,49616.32,,
2019-08-30 07:00:00+00:00,51877.0,52060.402,,
2019-08-30 08:00:00+00:00,53362.0,53349.043,,
2019-08-30 09:00:00+00:00,54232.0,55080.797,,
2019-08-30 10:00:00+00:00,54092.0,53695.54,,
2019-08-30 11:00:00+00:00,53134.0,52892.8,,
2019-08-30 12:00:00+00:00,52676.0,52041.793,,
2019-08-30 13:00:00+00:00,51782.0,51042.938,,
2019-08-30 14:00:00+00:00,50922.0,50846.547,,
2019-08-30 15:00:00+00:00,50927.0,51307.617,,
2019-08-30 16:00:00+00:00,51377.0,51154.688,,
2019-08-30 17:00:00+00:00,50386.0,50041.793,,
2019-08-30 18:00:00+00:00,49350.0,49448.305,,
2019-08-30 19:00:00+00:00,47321.0,47692.03,,
2019-08-30 20:00:00+00:00,45685.0,44996.52,,
2019-08-30 21:00:00+00:00,43614.0,42060.484,,
2019-08-30 22:00:00+00:00,41196.0,39241.57,,
2019-08-30 23:00:00+00:00,39200.0,36982.62,,
2019-08-31 00:00:00+00:00,37436.0,35759.05,,
2019-08-31 01:00:00+00:00,36658.0,35019.82,,
2019-08-31 02:00:00+00:00,36868.0,35062.16,,
2019-08-31 03:00:00+00:00,37064.0,35477.17,,
2019-08-31 04:00:00+00:00,37643.0,35582.14,,
2019-08-31 05:00:00+00:00,38699.0,37430.508,,
2019-08-31 06:00:00+00:00,41888.0,40798.094,,
2019-08-31 07:00:00+00:00,44414.0,44747.992,,
2019-08-31 08:00:00+00:00,46681.0,46710.875,,
2019-08-31 09:00:00+00:00,48838.0,48330.594,,
2019-08-31 10:00:00+00:00,48634.0,48399.645,,
2019-08-31 11:00:00+00:00,47905.0,47000.61,,
2019-08-31 12:00:00+00:00,47161.0,45914.44,,
2019-08-31 13:00:00+00:00,45109.0,45378.97,,
2019-08-31 14:00:00+00:00,44988.0,45153.92,,
2019-08-31 15:00:00+00:00,45375.0,45752.08,,
2019-08-31 16:00:00+00:00,46769.0,47149.867,,
2019-08-31 17:00:00+00:00,46371.0,47095.523,,
2019-08-31 18:00:00+00:00,47794.0,48059.746,,
2019-08-31 19:00:00+00:00,46097.0,46948.98,,
2019-08-31 20:00:00+00:00,44598.0,46239.895,,
2019-08-31 21:00:00+00:00,42073.0,43338.246,,
2019-08-31 22:00:00+00:00,39544.0,42199.223,,
2019-08-31 23:00:00+00:00,38151.0,40164.445,,
2019-09-01 00:00:00+00:00,37593.0,39337.55,,
2019-09-01 01:00:00+00:00,37799.0,39225.32,,
2019-09-01 02:00:00+00:00,39723.0,40218.336,,
2019-09-01 03:00:00+00:00,43495.0,43124.523,,
2019-09-01 04:00:00+00:00,51672.0,51715.617,,
2019-09-01 05:00:00+00:00,57186.0,58970.09,,
2019-09-01 06:00:00+00:00,59940.0,61741.03,,
2019-09-01 07:00:00+00:00,60459.0,62857.707,,
2019-09-01 08:00:00+00:00,62077.0,64175.043,,
2019-09-01 09:00:00+00:00,64322.0,66157.71,,
2019-09-01 10:00:00+00:00,64466.0,66405.14,,
2019-09-01 11:00:00+00:00,63618.0,66147.78,,
2019-09-01 12:00:00+00:00,62502.0,66106.555,,
2019-09-01 13:00:00+00:00,61294.0,63182.523,,
2019-09-01 14:00:00+00:00,60117.0,60968.52,,
2019-09-01 15:00:00+00:00,59463.0,60758.45,,
2019-09-01 16:00:00+00:00,59234.0,59861.58,,
2019-09-01 17:00:00+00:00,59138.0,58654.5,,
2019-09-01 18:00:00+00:00,58662.0,58412.188,,
2019-09-01 19:00:00+00:00,55607.0,54336.938,,
2019-09-01 20:00:00+00:00,51237.0,50652.273,,
2019-09-01 21:00:00+00:00,46851.0,47833.668,,
2019-09-01 22:00:00+00:00,43537.0,44448.22,,
2019-09-01 23:00:00+00:00,42342.0,43308.016,,
2019-09-02 00:00:00+00:00,42023.0,42021.047,,
2019-09-02 01:00:00+00:00,42031.0,41404.14,,
2019-09-02 02:00:00+00:00,43085.0,43180.723,,
2019-09-02 03:00:00+00:00,46609.0,45817.41,,
2019-09-02 04:00:00+00:00,54529.0,53613.004,,
2019-09-02 05:00:00+00:00,59834.0,57860.07,,
2019-09-02 06:00:00+00:00,62075.0,60141.68,,
2019-09-02 07:00:00+00:00,62257.0,61233.914,,
2019-09-02 08:00:00+00:00,63427.0,62117.887,,
2019-09-02 09:00:00+00:00,64941.0,64726.906,,
2019-09-02 10:00:00+00:00,64710.0,64915.64,,
2019-09-02 11:00:00+00:00,64438.0,64543.62,,
2019-09-02 12:00:00+00:00,63404.0,63469.086,,
2019-09-02 13:00:00+00:00,62302.0,62035.33,,
2019-09-02 14:00:00+00:00,60636.0,60610.68,,
2019-09-02 15:00:00+00:00,60593.0,60187.523,,
2019-09-02 16:00:00+00:00,59991.0,59799.633,,
2019-09-02 17:00:00+00:00,59284.0,59834.938,,
2019-09-02 18:00:00+00:00,58784.0,59454.3,,
2019-09-02 19:00:00+00:00,55669.0,56589.16,,
2019-09-02 20:00:00+00:00,51268.0,52065.445,,
2019-09-02 21:00:00+00:00,46965.0,47894.66,,
2019-09-02 22:00:00+00:00,43779.0,44434.844,,
2019-09-02 23:00:00+00:00,42580.0,42846.527,,
2019-09-03 00:00:00+00:00,41738.0,42586.242,,
2019-09-03 01:00:00+00:00,42051.0,42667.555,,
2019-09-03 02:00:00+00:00,43255.0,43775.32,,
2019-09-03 03:00:00+00:00,47157.0,47125.86,,
2019-09-03 04:00:00+00:00,54712.0,55414.77,,
2019-09-03 05:00:00+00:00,59286.0,59925.535,,
2019-09-03 06:00:00+00:00,62046.0,62452.688,,
2019-09-03 07:00:00+00:00,62952.0,62853.016,,
2019-09-03 08:00:00+00:00,64334.0,64164.02,,
2019-09-03 09:00:00+00:00,65541.0,65203.63,,
2019-09-03 10:00:00+00:00,65141.0,65057.938,,
2019-09-03 11:00:00+00:00,63913.0,65080.95,,
2019-09-03 12:00:00+00:00,62595.0,63704.62,,
2019-09-03 13:00:00+00:00,61991.0,62743.547,,
2019-09-03 14:00:00+00:00,60869.0,59715.46,,
2019-09-03 15:00:00+00:00,60891.0,60311.81,,
2019-09-03 16:00:00+00:00,60989.0,59291.74,,
2019-09-03 17:00:00+00:00,61118.0,59248.758,,
2019-09-03 18:00:00+00:00,59994.0,59280.312,,
2019-09-03 19:00:00+00:00,56482.0,56969.004,,
2019-09-03 20:00:00+00:00,51285.0,52150.785,,
2019-09-03 21:00:00+00:00,47440.0,47258.953,,
2019-09-03 22:00:00+00:00,45452.0,44618.207,,
2019-09-03 23:00:00+00:00,43544.0,42949.48,,
2019-09-04 00:00:00+00:00,42452.0,42374.01,,
2019-09-04 01:00:00+00:00,42678.0,42696.176,,
2019-09-04 02:00:00+00:00,44004.0,43806.93,,
2019-09-04 03:00:00+00:00,47498.0,46972.965,,
2019-09-04 04:00:00+00:00,55043.0,54758.68,,
2019-09-04 05:00:00+00:00,60487.0,57867.723,,
2019-09-04 06:00:00+00:00,63605.0,60612.363,,
2019-09-04 07:00:00+00:00,63715.0,61392.035,,
2019-09-04 08:00:00+00:00,64445.0,63384.336,,
2019-09-04 09:00:00+00:00,66709.0,64694.164,,
2019-09-04 10:00:00+00:00,66817.0,63295.164,,
2019-09-04 11:00:00+00:00,65989.0,62143.633,,
2019-09-04 12:00:00+00:00,64541.0,62496.062,,
2019-09-04 13:00:00+00:00,63462.0,61030.22,,
2019-09-04 14:00:00+00:00,62397.0,59242.836,,
2019-09-04 15:00:00+00:00,62034.0,59496.3,,
2019-09-04 16:00:00+00:00,62397.0,59439.652,,
2019-09-04 17:00:00+00:00,61652.0,60049.93,,
2019-09-04 18:00:00+00:00,60728.0,59208.33,,
2019-09-04 19:00:00+00:00,57181.0,56210.105,,
2019-09-04 20:00:00+00:00,52083.0,51204.117,,
2019-09-04 21:00:00+00:00,47607.0,47226.37,,
2019-09-04 22:00:00+00:00,44700.0,45721.973,,
2019-09-04 23:00:00+00:00,43601.0,43887.5,,
2019-09-05 00:00:00+00:00,42294.0,42788.25,,
2019-09-05 01:00:00+00:00,42329.0,42991.62,,
2019-09-05 02:00:00+00:00,43594.0,44194.504,,
2019-09-05 03:00:00+00:00,47115.0,47518.773,,
2019-09-05 04:00:00+00:00,54581.0,55030.13,,
2019-09-05 05:00:00+00:00,60134.0,59854.38,,
2019-09-05 06:00:00+00:00,63161.0,62953.164,,
2019-09-05 07:00:00+00:00,63689.0,63381.91,,
2019-09-05 08:00:00+00:00,64459.0,64362.523,,
2019-09-05 09:00:00+00:00,64753.0,66662.39,,
2019-09-05 10:00:00+00:00,64248.0,65961.12,,
2019-09-05 11:00:00+00:00,62658.0,63808.707,,
2019-09-05 12:00:00+00:00,60934.0,62006.93,,
2019-09-05 13:00:00+00:00,59940.0,61048.395,,
